AUC,TopN,features,iteration
0.8541369047619047,Top25,"355K_PB2, 409N_PA, 701N_PB2, 627K_PB2, 92E_NS1, 353V_NP, 526R_PB2, 160T_HA, 147T_PB2, 76K_NA, 351K_NP, 588I_PB2, 702R_PB2, 138S_HA, 266T_HA, 375S_PB1, 127N_NS1, 59H_NS1, 30N_M1, 226L_HA, 400P_PA, 292V_PB2, 340K_PB2, 158N_HA, 224P_PA",0
0.8505257936507936,Top8,"92E_NS1, 355K_PB2, 147T_PB2, 627K_PB2, 701N_PB2, 409N_PA, 353V_NP, 526R_PB2",1
0.8543849206349206,Top7,"627K_PB2, 355K_PB2, 351K_NP, 266T_HA, 353V_NP, 701N_PB2, 526R_PB2",2
0.8813492063492063,Top23,"355K_PB2, 351K_NP, 266T_HA, 627K_PB2, 701N_PB2, 353V_NP, 138S_HA, 702R_PB2, 409N_PA, 160T_HA, 76K_NA, 92E_NS1, 526R_PB2, 588I_PB2, 147T_PB2, 292V_PB2, 158N_HA, 400P_PA, 59H_NS1, 226L_HA, 375S_PB1, 199S_PB2, 421I_PA",3
0.865103785103785,Top14,"92E_NS1, 409N_PA, 627K_PB2, 353V_NP, 701N_PB2, 355K_PB2, 351K_NP, 526R_PB2, 160T_HA, 138S_HA, 588I_PB2, 147T_PB2, 702R_PB2, 266T_HA",4
0.8501488095238094,Top13,"351K_NP, 355K_PB2, 353V_NP, 627K_PB2, 138S_HA, 160T_HA, 76K_NA, 588I_PB2, 702R_PB2, 701N_PB2, 266T_HA, 409N_PA, 92E_NS1",5
0.8345009157509159,Top34,"351K_NP, 266T_HA, 355K_PB2, 627K_PB2, 353V_NP, 701N_PB2, 375S_PB1, 526R_PB2, 158N_HA, 92E_NS1, 76K_NA, 340K_PB2, 409N_PA, 588I_PB2, 199S_PB2, 147T_PB2, 160T_HA, 702R_PB2, 470R_NP, 138S_HA, 317I_PB1, 226L_HA, 356R_PA, 192I_HA, 30N_M1, 127N_NS1, 100I_NP, 400P_PA, 30D_M1, 59H_NS1, 50N_NP, 97I_PA, 353R_PA, 336M_PA",6
0.8439384920634921,Top26,"158N_HA, 351K_NP, 701N_PB2, 627K_PB2, 355K_PB2, 353V_NP, 400P_PA, 160T_HA, 266T_HA, 76K_NA, 702R_PB2, 138S_HA, 147T_PB2, 526R_PB2, 92E_NS1, 409N_PA, 375S_PB1, 199S_PB2, 340K_PB2, 127N_NS1, 59H_NS1, 588I_PB2, 292V_PB2, 97I_PA, 356R_PA, 224P_PA",7
0.8433333333333334,Top22,"158N_HA, 266T_HA, 627K_PB2, 355K_PB2, 351K_NP, 353V_NP, 701N_PB2, 409N_PA, 526R_PB2, 702R_PB2, 160T_HA, 147T_PB2, 138S_HA, 76K_NA, 92E_NS1, 588I_PB2, 199S_PB2, 340K_PB2, 375S_PB1, 292V_PB2, 30N_M1, 59H_NS1",8
0.8437179487179487,Top12,"353V_NP, 351K_NP, 627K_PB2, 138S_HA, 355K_PB2, 266T_HA, 701N_PB2, 588I_PB2, 160T_HA, 702R_PB2, 92E_NS1, 409N_PA",9
0.8354861111111112,Top17,"351K_NP, 355K_PB2, 76K_NA, 627K_PB2, 158N_HA, 160T_HA, 353V_NP, 701N_PB2, 266T_HA, 702R_PB2, 340K_PB2, 138S_HA, 588I_PB2, 526R_PB2, 409N_PA, 92E_NS1, 147T_PB2",10
0.8406349206349205,Top9,"375S_PB1, 158N_HA, 355K_PB2, 627K_PB2, 351K_NP, 353V_NP, 701N_PB2, 92E_NS1, 147T_PB2",11
0.8286996336996337,Top15,"701N_PB2, 266T_HA, 351K_NP, 355K_PB2, 353V_NP, 627K_PB2, 702R_PB2, 409N_PA, 138S_HA, 160T_HA, 92E_NS1, 76K_NA, 588I_PB2, 147T_PB2, 526R_PB2",12
0.8430853174603176,Top19,"355K_PB2, 353V_NP, 351K_NP, 627K_PB2, 701N_PB2, 266T_HA, 409N_PA, 127N_NS1, 160T_HA, 340K_PB2, 158N_HA, 702R_PB2, 588I_PB2, 76K_NA, 92E_NS1, 59H_NS1, 375S_PB1, 30N_M1, 199S_PB2",13
0.8278273809523811,Top11,"351K_NP, 158N_HA, 355K_PB2, 627K_PB2, 701N_PB2, 353V_NP, 266T_HA, 526R_PB2, 702R_PB2, 409N_PA, 160T_HA",14
0.8181394993894994,Top27,"353V_NP, 158N_HA, 355K_PB2, 627K_PB2, 351K_NP, 76K_NA, 160T_HA, 701N_PB2, 702R_PB2, 266T_HA, 409N_PA, 127N_NS1, 526R_PB2, 147T_PB2, 340K_PB2, 588I_PB2, 138S_HA, 375S_PB1, 421I_PA, 192I_HA, 100I_NP, 224P_PA, 30N_M1, 92E_NS1, 292V_PB2, 400P_PA, 59H_NS1",15
0.8351587301587301,Top50,"355K_PB2, 158N_HA, 701N_PB2, 351K_NP, 627K_PB2, 266T_HA, 353V_NP, 702R_PB2, 160T_HA, 76K_NA, 526R_PB2, 409N_PA, 92E_NS1, 199S_PB2, 588I_PB2, 340K_PB2, 127N_NS1, 375S_PB1, 138S_HA, 30N_M1, 59H_NS1, 400P_PA, 147T_PB2, 192I_HA, 226L_HA, 224P_PA, 292V_PB2, 97I_PA, 30D_M1, 317I_PB1, 101N_HA, 356R_PA, 194V_NP, 100I_NP, 24D_M2, 31I_NS2, 271A_PB2, 195N_PB2, 196H_HA, 552S_PA, 215K_PB1, 218E_HA, 193R_HA, 299R_HA, 353R_PA, 215T_M1, 318K_PB2, 421I_PA, 63T_NA, 470R_NP",16
0.8539743589743589,Top16,"353V_NP, 266T_HA, 147T_PB2, 627K_PB2, 701N_PB2, 158N_HA, 355K_PB2, 409N_PA, 702R_PB2, 160T_HA, 340K_PB2, 588I_PB2, 351K_NP, 92E_NS1, 526R_PB2, 226L_HA",17
0.8570634920634921,Top16,"353V_NP, 158N_HA, 627K_PB2, 355K_PB2, 351K_NP, 160T_HA, 76K_NA, 701N_PB2, 409N_PA, 702R_PB2, 147T_PB2, 92E_NS1, 266T_HA, 526R_PB2, 138S_HA, 588I_PB2",18
0.829295634920635,Top33,"627K_PB2, 351K_NP, 355K_PB2, 701N_PB2, 138S_HA, 526R_PB2, 409N_PA, 353V_NP, 266T_HA, 702R_PB2, 375S_PB1, 76K_NA, 158N_HA, 160T_HA, 147T_PB2, 30D_M1, 249G_PB2, 317I_PB1, 292V_PB2, 400P_PA, 199S_PB2, 92E_NS1, 192I_HA, 340K_PB2, 30N_M1, 97I_PA, 356R_PA, 127N_NS1, 588I_PB2, 224P_PA, 59H_NS1, 353R_PA, 194V_NP",19
0.853234126984127,Top16,"375S_PB1, 355K_PB2, 158N_HA, 351K_NP, 627K_PB2, 353V_NP, 160T_HA, 400P_PA, 266T_HA, 701N_PB2, 409N_PA, 92E_NS1, 702R_PB2, 588I_PB2, 138S_HA, 199S_PB2",20
0.8514896214896215,Top14,"627K_PB2, 353V_NP, 351K_NP, 355K_PB2, 76K_NA, 160T_HA, 147T_PB2, 701N_PB2, 92E_NS1, 138S_HA, 526R_PB2, 409N_PA, 702R_PB2, 588I_PB2",21
0.8427777777777777,Top11,"355K_PB2, 353V_NP, 351K_NP, 627K_PB2, 701N_PB2, 92E_NS1, 158N_HA, 409N_PA, 340K_PB2, 160T_HA, 30N_M1",22
0.8486492673992675,Top25,"353V_NP, 158N_HA, 627K_PB2, 147T_PB2, 355K_PB2, 701N_PB2, 266T_HA, 409N_PA, 160T_HA, 702R_PB2, 526R_PB2, 351K_NP, 76K_NA, 138S_HA, 92E_NS1, 199S_PB2, 30N_M1, 340K_PB2, 588I_PB2, 127N_NS1, 292V_PB2, 375S_PB1, 59H_NS1, 192I_HA, 97I_PA",23
0.8532356532356532,Top10,"351K_NP, 355K_PB2, 701N_PB2, 138S_HA, 627K_PB2, 92E_NS1, 353V_NP, 266T_HA, 409N_PA, 160T_HA",24
0.8371329365079365,Top13,"353V_NP, 158N_HA, 701N_PB2, 266T_HA, 627K_PB2, 355K_PB2, 76K_NA, 160T_HA, 400P_PA, 409N_PA, 375S_PB1, 588I_PB2, 351K_NP",25
0.8669841269841271,Top19,"353V_NP, 158N_HA, 351K_NP, 627K_PB2, 355K_PB2, 701N_PB2, 266T_HA, 160T_HA, 76K_NA, 702R_PB2, 92E_NS1, 147T_PB2, 409N_PA, 375S_PB1, 59H_NS1, 127N_NS1, 138S_HA, 226L_HA, 215T_M1",26
0.8698412698412697,Top15,"266T_HA, 351K_NP, 353V_NP, 355K_PB2, 627K_PB2, 701N_PB2, 409N_PA, 526R_PB2, 147T_PB2, 160T_HA, 588I_PB2, 138S_HA, 702R_PB2, 199S_PB2, 92E_NS1",27
0.8163614163614165,Top17,"355K_PB2, 409N_PA, 147T_PB2, 701N_PB2, 627K_PB2, 353V_NP, 526R_PB2, 160T_HA, 76K_NA, 138S_HA, 375S_PB1, 588I_PB2, 92E_NS1, 199S_PB2, 340K_PB2, 30N_M1, 292V_PB2",28
0.8372405372405372,Top14,"351K_NP, 627K_PB2, 353V_NP, 701N_PB2, 355K_PB2, 266T_HA, 138S_HA, 702R_PB2, 76K_NA, 526R_PB2, 160T_HA, 409N_PA, 588I_PB2, 147T_PB2",29
0.855854700854701,Top14,"353V_NP, 701N_PB2, 351K_NP, 627K_PB2, 355K_PB2, 147T_PB2, 526R_PB2, 160T_HA, 266T_HA, 702R_PB2, 588I_PB2, 409N_PA, 138S_HA, 92E_NS1",30
0.8312148962148962,Top14,"355K_PB2, 627K_PB2, 138S_HA, 351K_NP, 701N_PB2, 92E_NS1, 353V_NP, 702R_PB2, 266T_HA, 160T_HA, 409N_PA, 588I_PB2, 76K_NA, 158N_HA",31
0.8311126373626372,Top11,"355K_PB2, 158N_HA, 409N_PA, 701N_PB2, 627K_PB2, 147T_PB2, 92E_NS1, 526R_PB2, 353V_NP, 160T_HA, 292V_PB2",32
0.8465277777777777,Top24,"353V_NP, 627K_PB2, 351K_NP, 355K_PB2, 701N_PB2, 266T_HA, 526R_PB2, 702R_PB2, 409N_PA, 160T_HA, 158N_HA, 76K_NA, 147T_PB2, 340K_PB2, 588I_PB2, 30N_M1, 375S_PB1, 400P_PA, 317I_PB1, 100I_NP, 59H_NS1, 292V_PB2, 199S_PB2, 30D_M1",33
0.8354662698412698,Top13,"92E_NS1, 627K_PB2, 351K_NP, 138S_HA, 701N_PB2, 355K_PB2, 266T_HA, 353V_NP, 702R_PB2, 409N_PA, 160T_HA, 158N_HA, 76K_NA",34
0.8773015873015874,Top14,"355K_PB2, 158N_HA, 701N_PB2, 627K_PB2, 351K_NP, 353V_NP, 266T_HA, 526R_PB2, 702R_PB2, 147T_PB2, 588I_PB2, 160T_HA, 76K_NA, 340K_PB2",35
0.8274175824175825,Top24,"92E_NS1, 353V_NP, 351K_NP, 627K_PB2, 701N_PB2, 355K_PB2, 138S_HA, 76K_NA, 160T_HA, 409N_PA, 266T_HA, 702R_PB2, 526R_PB2, 588I_PB2, 199S_PB2, 147T_PB2, 292V_PB2, 158N_HA, 317I_PB1, 249G_PB2, 30N_M1, 375S_PB1, 59H_NS1, 400P_PA",36
0.8429975579975582,Top29,"147T_PB2, 627K_PB2, 266T_HA, 158N_HA, 355K_PB2, 353V_NP, 701N_PB2, 702R_PB2, 409N_PA, 160T_HA, 526R_PB2, 351K_NP, 92E_NS1, 588I_PB2, 340K_PB2, 76K_NA, 127N_NS1, 292V_PB2, 375S_PB1, 400P_PA, 199S_PB2, 30D_M1, 317I_PB1, 97I_PA, 59H_NS1, 138S_HA, 224P_PA, 192I_HA, 30N_M1",37
0.8722649572649572,Top10,"158N_HA, 351K_NP, 627K_PB2, 701N_PB2, 355K_PB2, 266T_HA, 92E_NS1, 353V_NP, 702R_PB2, 409N_PA",38
0.8442368742368742,Top15,"353V_NP, 701N_PB2, 351K_NP, 627K_PB2, 355K_PB2, 266T_HA, 138S_HA, 400P_PA, 76K_NA, 160T_HA, 702R_PB2, 147T_PB2, 588I_PB2, 375S_PB1, 409N_PA",39
0.8150694444444445,Top7,"158N_HA, 351K_NP, 701N_PB2, 355K_PB2, 627K_PB2, 92E_NS1, 353V_NP",40
0.844890873015873,Top6,"627K_PB2, 92E_NS1, 409N_PA, 353V_NP, 701N_PB2, 355K_PB2",41
0.8741147741147742,Top13,"353V_NP, 627K_PB2, 355K_PB2, 701N_PB2, 351K_NP, 266T_HA, 138S_HA, 160T_HA, 76K_NA, 702R_PB2, 92E_NS1, 588I_PB2, 409N_PA",42
0.7956349206349207,Top7,"353V_NP, 351K_NP, 266T_HA, 355K_PB2, 627K_PB2, 701N_PB2, 138S_HA",43
0.8475351037851038,Top14,"158N_HA, 701N_PB2, 353V_NP, 627K_PB2, 266T_HA, 351K_NP, 355K_PB2, 702R_PB2, 76K_NA, 92E_NS1, 160T_HA, 588I_PB2, 138S_HA, 409N_PA",44
0.8781074481074482,Top11,"266T_HA, 355K_PB2, 353V_NP, 627K_PB2, 351K_NP, 701N_PB2, 702R_PB2, 138S_HA, 92E_NS1, 147T_PB2, 588I_PB2",45
0.836954365079365,Top8,"355K_PB2, 353V_NP, 627K_PB2, 351K_NP, 158N_HA, 701N_PB2, 266T_HA, 702R_PB2",46
0.847688492063492,Top17,"138S_HA, 355K_PB2, 701N_PB2, 627K_PB2, 351K_NP, 353V_NP, 266T_HA, 702R_PB2, 588I_PB2, 160T_HA, 526R_PB2, 409N_PA, 147T_PB2, 92E_NS1, 400P_PA, 192I_HA, 158N_HA",47
0.8641567460317461,Top6,"353V_NP, 409N_PA, 701N_PB2, 266T_HA, 627K_PB2, 355K_PB2",48
0.8607043650793651,Top25,"355K_PB2, 158N_HA, 351K_NP, 627K_PB2, 701N_PB2, 92E_NS1, 353V_NP, 340K_PB2, 199S_PB2, 160T_HA, 526R_PB2, 375S_PB1, 76K_NA, 588I_PB2, 147T_PB2, 59H_NS1, 266T_HA, 138S_HA, 702R_PB2, 127N_NS1, 409N_PA, 292V_PB2, 400P_PA, 356R_PA, 97I_PA",49
0.8604090354090355,Top19,"353V_NP, 266T_HA, 160T_HA, 701N_PB2, 627K_PB2, 400P_PA, 355K_PB2, 76K_NA, 526R_PB2, 351K_NP, 138S_HA, 588I_PB2, 92E_NS1, 409N_PA, 226L_HA, 199S_PB2, 59H_NS1, 127N_NS1, 375S_PB1",50
0.8466964285714287,Top20,"351K_NP, 627K_PB2, 158N_HA, 355K_PB2, 353V_NP, 701N_PB2, 266T_HA, 160T_HA, 702R_PB2, 409N_PA, 526R_PB2, 138S_HA, 76K_NA, 199S_PB2, 92E_NS1, 375S_PB1, 224P_PA, 588I_PB2, 226L_HA, 59H_NS1",51
0.8683333333333334,Top12,"266T_HA, 92E_NS1, 627K_PB2, 353V_NP, 701N_PB2, 351K_NP, 588I_PB2, 702R_PB2, 409N_PA, 355K_PB2, 160T_HA, 400P_PA",52
0.840625,Top29,"351K_NP, 353V_NP, 355K_PB2, 701N_PB2, 266T_HA, 627K_PB2, 702R_PB2, 138S_HA, 526R_PB2, 76K_NA, 588I_PB2, 147T_PB2, 160T_HA, 400P_PA, 158N_HA, 409N_PA, 340K_PB2, 92E_NS1, 292V_PB2, 30N_M1, 226L_HA, 199S_PB2, 317I_PB1, 59H_NS1, 224P_PA, 375S_PB1, 127N_NS1, 353R_PA, 194V_NP",53
0.824139194139194,Top6,"355K_PB2, 353V_NP, 351K_NP, 627K_PB2, 701N_PB2, 92E_NS1",54
0.8460561660561661,Top10,"92E_NS1, 701N_PB2, 353V_NP, 351K_NP, 627K_PB2, 355K_PB2, 158N_HA, 266T_HA, 702R_PB2, 588I_PB2",55
0.8194444444444443,Top10,"355K_PB2, 353V_NP, 351K_NP, 701N_PB2, 627K_PB2, 266T_HA, 92E_NS1, 160T_HA, 409N_PA, 702R_PB2",56
0.8334325396825395,Top19,"92E_NS1, 701N_PB2, 147T_PB2, 199S_PB2, 627K_PB2, 353V_NP, 160T_HA, 158N_HA, 76K_NA, 702R_PB2, 266T_HA, 588I_PB2, 409N_PA, 526R_PB2, 138S_HA, 375S_PB1, 355K_PB2, 292V_PB2, 400P_PA",57
0.865376984126984,Top14,"353V_NP, 627K_PB2, 701N_PB2, 266T_HA, 355K_PB2, 351K_NP, 160T_HA, 400P_PA, 702R_PB2, 292V_PB2, 158N_HA, 340K_PB2, 375S_PB1, 588I_PB2",58
0.8687614468864469,Top9,"353V_NP, 627K_PB2, 355K_PB2, 701N_PB2, 266T_HA, 409N_PA, 400P_PA, 160T_HA, 158N_HA",59
0.8665178571428571,Top27,"92E_NS1, 701N_PB2, 627K_PB2, 355K_PB2, 409N_PA, 266T_HA, 353V_NP, 351K_NP, 160T_HA, 76K_NA, 158N_HA, 702R_PB2, 588I_PB2, 340K_PB2, 199S_PB2, 226L_HA, 375S_PB1, 147T_PB2, 59H_NS1, 526R_PB2, 127N_NS1, 224P_PA, 138S_HA, 292V_PB2, 30N_M1, 192I_HA, 194V_NP",60
0.8251259157509157,Top13,"353V_NP, 627K_PB2, 355K_PB2, 351K_NP, 701N_PB2, 266T_HA, 702R_PB2, 138S_HA, 526R_PB2, 76K_NA, 160T_HA, 409N_PA, 92E_NS1",61
0.8672619047619048,Top16,"355K_PB2, 351K_NP, 526R_PB2, 627K_PB2, 158N_HA, 92E_NS1, 701N_PB2, 353V_NP, 266T_HA, 702R_PB2, 409N_PA, 160T_HA, 76K_NA, 138S_HA, 588I_PB2, 59H_NS1",62
0.8392124542124542,Top25,"92E_NS1, 158N_HA, 353V_NP, 627K_PB2, 701N_PB2, 351K_NP, 355K_PB2, 292V_PB2, 409N_PA, 160T_HA, 526R_PB2, 138S_HA, 588I_PB2, 147T_PB2, 702R_PB2, 266T_HA, 76K_NA, 375S_PB1, 400P_PA, 226L_HA, 127N_NS1, 59H_NS1, 30N_M1, 208R_PB1, 199S_PB2",63
0.8398473748473748,Top16,"627K_PB2, 355K_PB2, 701N_PB2, 353V_NP, 351K_NP, 526R_PB2, 138S_HA, 409N_PA, 76K_NA, 266T_HA, 160T_HA, 588I_PB2, 400P_PA, 92E_NS1, 199S_PB2, 208R_PB1",64
0.8426686507936509,Top14,"353V_NP, 627K_PB2, 701N_PB2, 351K_NP, 92E_NS1, 138S_HA, 76K_NA, 160T_HA, 702R_PB2, 266T_HA, 400P_PA, 355K_PB2, 226L_HA, 588I_PB2",65
0.8564957264957265,Top37,"355K_PB2, 701N_PB2, 351K_NP, 627K_PB2, 138S_HA, 92E_NS1, 76K_NA, 353V_NP, 160T_HA, 409N_PA, 588I_PB2, 340K_PB2, 526R_PB2, 266T_HA, 158N_HA, 192I_HA, 702R_PB2, 127N_NS1, 400P_PA, 375S_PB1, 147T_PB2, 59H_NS1, 224P_PA, 292V_PB2, 317I_PB1, 30N_M1, 199S_PB2, 356R_PA, 226L_HA, 196H_HA, 100I_NP, 101N_HA, 97I_PA, 123V_NS1, 299R_HA, 30D_M1, 318K_PB2",66
0.8325992063492065,Top16,"355K_PB2, 627K_PB2, 353V_NP, 351K_NP, 701N_PB2, 92E_NS1, 158N_HA, 76K_NA, 409N_PA, 702R_PB2, 160T_HA, 127N_NS1, 147T_PB2, 588I_PB2, 30N_M1, 59H_NS1",67
0.8251488095238095,Top13,"92E_NS1, 351K_NP, 701N_PB2, 627K_PB2, 138S_HA, 355K_PB2, 353V_NP, 76K_NA, 147T_PB2, 160T_HA, 702R_PB2, 409N_PA, 588I_PB2",68
0.8181135531135532,Top18,"138S_HA, 701N_PB2, 627K_PB2, 355K_PB2, 351K_NP, 92E_NS1, 353V_NP, 526R_PB2, 147T_PB2, 409N_PA, 702R_PB2, 76K_NA, 158N_HA, 292V_PB2, 160T_HA, 588I_PB2, 199S_PB2, 127N_NS1",69
0.8556547619047619,Top14,"355K_PB2, 158N_HA, 627K_PB2, 526R_PB2, 351K_NP, 701N_PB2, 353V_NP, 76K_NA, 92E_NS1, 160T_HA, 147T_PB2, 409N_PA, 702R_PB2, 588I_PB2",70
0.826984126984127,Top55,"627K_PB2, 355K_PB2, 353V_NP, 138S_HA, 266T_HA, 160T_HA, 76K_NA, 701N_PB2, 351K_NP, 409N_PA, 30N_M1, 147T_PB2, 92E_NS1, 208R_PB1, 526R_PB2, 199S_PB2, 588I_PB2, 340K_PB2, 127N_NS1, 421I_PA, 226L_HA, 100I_NP, 356R_PA, 224P_PA, 30D_M1, 158N_HA, 317I_PB1, 702R_PB2, 97I_PA, 400P_PA, 292V_PB2, 375S_PB1, 63T_NA, 101N_HA, 31I_NS2, 215K_PB1, 353R_PA, 482R_PB2, 470R_NP, 59H_NS1, 193R_HA, 271A_PB2, 197K_HA, 215T_M1, 127I_PA, 194V_NP, 218E_HA, 67I_HA, 146S_HA, 48Q_NA, 9N_PB2, 319K_NP, 158G_PB2, 339T_PB2, 50N_NP",71
0.8769039987789988,Top17,"138S_HA, 266T_HA, 160T_HA, 627K_PB2, 353V_NP, 701N_PB2, 702R_PB2, 351K_NP, 92E_NS1, 588I_PB2, 400P_PA, 59H_NS1, 76K_NA, 409N_PA, 158N_HA, 355K_PB2, 127N_NS1",72
0.8656646825396825,Top11,"266T_HA, 701N_PB2, 355K_PB2, 351K_NP, 353V_NP, 627K_PB2, 92E_NS1, 138S_HA, 588I_PB2, 409N_PA, 702R_PB2",73
0.8387118437118438,Top16,"266T_HA, 355K_PB2, 627K_PB2, 701N_PB2, 353V_NP, 351K_NP, 158N_HA, 702R_PB2, 76K_NA, 160T_HA, 400P_PA, 588I_PB2, 292V_PB2, 147T_PB2, 409N_PA, 59H_NS1",74
0.8836210317460317,Top22,"355K_PB2, 266T_HA, 351K_NP, 701N_PB2, 353V_NP, 627K_PB2, 526R_PB2, 160T_HA, 147T_PB2, 702R_PB2, 588I_PB2, 158N_HA, 340K_PB2, 375S_PB1, 30N_M1, 127N_NS1, 76K_NA, 59H_NS1, 470R_NP, 199S_PB2, 409N_PA, 317I_PB1",75
0.8456250000000001,Top15,"351K_NP, 353V_NP, 355K_PB2, 158N_HA, 627K_PB2, 701N_PB2, 92E_NS1, 76K_NA, 160T_HA, 409N_PA, 249G_PB2, 375S_PB1, 199S_PB2, 588I_PB2, 702R_PB2",76
0.8287545787545788,Top16,"701N_PB2, 351K_NP, 158N_HA, 627K_PB2, 355K_PB2, 92E_NS1, 353V_NP, 375S_PB1, 76K_NA, 409N_PA, 160T_HA, 127N_NS1, 226L_HA, 292V_PB2, 147T_PB2, 30N_M1",77
0.8247130647130648,Top13,"353V_NP, 355K_PB2, 351K_NP, 266T_HA, 701N_PB2, 627K_PB2, 702R_PB2, 138S_HA, 526R_PB2, 76K_NA, 160T_HA, 409N_PA, 588I_PB2",78
0.8264896214896215,Top14,"92E_NS1, 355K_PB2, 701N_PB2, 409N_PA, 627K_PB2, 266T_HA, 353V_NP, 160T_HA, 76K_NA, 702R_PB2, 127N_NS1, 158N_HA, 351K_NP, 588I_PB2",79
0.8667582417582416,Top24,"355K_PB2, 353V_NP, 158N_HA, 627K_PB2, 351K_NP, 701N_PB2, 147T_PB2, 76K_NA, 160T_HA, 127N_NS1, 266T_HA, 702R_PB2, 588I_PB2, 92E_NS1, 340K_PB2, 375S_PB1, 30N_M1, 409N_PA, 138S_HA, 59H_NS1, 526R_PB2, 271A_PB2, 97I_PA, 249G_PB2",80
0.8155128205128206,Top19,"353V_NP, 701N_PB2, 355K_PB2, 627K_PB2, 351K_NP, 147T_PB2, 160T_HA, 76K_NA, 526R_PB2, 158N_HA, 702R_PB2, 409N_PA, 340K_PB2, 92E_NS1, 138S_HA, 588I_PB2, 30D_M1, 224P_PA, 199S_PB2",81
0.8472893772893773,Top13,"266T_HA, 353V_NP, 355K_PB2, 701N_PB2, 351K_NP, 627K_PB2, 92E_NS1, 409N_PA, 199S_PB2, 160T_HA, 138S_HA, 588I_PB2, 526R_PB2",82
0.8447191697191696,Top16,"266T_HA, 701N_PB2, 355K_PB2, 353V_NP, 627K_PB2, 351K_NP, 526R_PB2, 160T_HA, 76K_NA, 702R_PB2, 340K_PB2, 158N_HA, 588I_PB2, 147T_PB2, 92E_NS1, 59H_NS1",83
0.8754334554334555,Top8,"355K_PB2, 158N_HA, 701N_PB2, 409N_PA, 627K_PB2, 92E_NS1, 353V_NP, 160T_HA",84
0.8626068376068377,Top35,"355K_PB2, 353V_NP, 409N_PA, 266T_HA, 701N_PB2, 627K_PB2, 158N_HA, 702R_PB2, 351K_NP, 160T_HA, 76K_NA, 526R_PB2, 340K_PB2, 588I_PB2, 138S_HA, 147T_PB2, 127N_NS1, 375S_PB1, 30N_M1, 356R_PA, 59H_NS1, 199S_PB2, 317I_PB1, 92E_NS1, 400P_PA, 97I_PA, 100I_NP, 30D_M1, 194V_NP, 249G_PB2, 208R_PB1, 63T_NA, 31I_NS2, 137A_HA, 353R_PA",85
0.8394200244200245,Top16,"355K_PB2, 701N_PB2, 158N_HA, 627K_PB2, 147T_PB2, 353V_NP, 351K_NP, 92E_NS1, 526R_PB2, 160T_HA, 76K_NA, 702R_PB2, 340K_PB2, 588I_PB2, 375S_PB1, 409N_PA",86
0.86390873015873,Top14,"138S_HA, 627K_PB2, 351K_NP, 701N_PB2, 355K_PB2, 353V_NP, 266T_HA, 160T_HA, 400P_PA, 702R_PB2, 588I_PB2, 409N_PA, 340K_PB2, 92E_NS1",87
0.8467261904761905,Top25,"353V_NP, 92E_NS1, 266T_HA, 701N_PB2, 627K_PB2, 351K_NP, 355K_PB2, 409N_PA, 702R_PB2, 138S_HA, 588I_PB2, 160T_HA, 526R_PB2, 340K_PB2, 158N_HA, 76K_NA, 199S_PB2, 59H_NS1, 317I_PB1, 147T_PB2, 292V_PB2, 97I_PA, 30D_M1, 400P_PA, 224P_PA",88
0.8415445665445664,Top33,"355K_PB2, 353V_NP, 351K_NP, 627K_PB2, 701N_PB2, 158N_HA, 160T_HA, 76K_NA, 409N_PA, 526R_PB2, 702R_PB2, 266T_HA, 588I_PB2, 375S_PB1, 400P_PA, 340K_PB2, 138S_HA, 63T_NA, 317I_PB1, 30D_M1, 224P_PA, 249G_PB2, 208R_PB1, 30N_M1, 292V_PB2, 199S_PB2, 194V_NP, 100I_NP, 147T_PB2, 356R_PA, 353R_PA, 92E_NS1, 97I_PA",89
0.8423687423687424,Top11,"355K_PB2, 92E_NS1, 701N_PB2, 353V_NP, 627K_PB2, 351K_NP, 138S_HA, 266T_HA, 702R_PB2, 588I_PB2, 409N_PA",90
0.841117216117216,Top10,"158N_HA, 92E_NS1, 627K_PB2, 351K_NP, 701N_PB2, 355K_PB2, 353V_NP, 292V_PB2, 160T_HA, 702R_PB2",91
0.8495726495726496,Top13,"355K_PB2, 138S_HA, 627K_PB2, 701N_PB2, 356R_PA, 353V_NP, 351K_NP, 160T_HA, 76K_NA, 526R_PB2, 588I_PB2, 92E_NS1, 292V_PB2",92
0.8446130952380951,Top12,"351K_NP, 353V_NP, 355K_PB2, 138S_HA, 627K_PB2, 701N_PB2, 76K_NA, 92E_NS1, 160T_HA, 526R_PB2, 588I_PB2, 409N_PA",93
0.8651785714285716,Top19,"351K_NP, 158N_HA, 353V_NP, 355K_PB2, 627K_PB2, 701N_PB2, 266T_HA, 375S_PB1, 76K_NA, 160T_HA, 199S_PB2, 127N_NS1, 59H_NS1, 92E_NS1, 409N_PA, 702R_PB2, 588I_PB2, 30N_M1, 138S_HA",94
0.8334623015873015,Top6,"355K_PB2, 266T_HA, 353V_NP, 409N_PA, 627K_PB2, 701N_PB2",95
0.8561172161172161,Top14,"351K_NP, 355K_PB2, 158N_HA, 701N_PB2, 627K_PB2, 353V_NP, 92E_NS1, 375S_PB1, 266T_HA, 409N_PA, 160T_HA, 400P_PA, 199S_PB2, 340K_PB2",96
0.8387400793650792,Top18,"701N_PB2, 627K_PB2, 158N_HA, 355K_PB2, 351K_NP, 353V_NP, 160T_HA, 76K_NA, 702R_PB2, 266T_HA, 147T_PB2, 526R_PB2, 340K_PB2, 588I_PB2, 92E_NS1, 138S_HA, 409N_PA, 59H_NS1",97
0.8716422466422467,Top6,"92E_NS1, 627K_PB2, 147T_PB2, 353V_NP, 701N_PB2, 355K_PB2",98
0.8134424603174603,Top8,"249G_PB2, 355K_PB2, 353V_NP, 351K_NP, 627K_PB2, 138S_HA, 526R_PB2, 701N_PB2",99
